{"cameraMode":{"drawMode":0,"name":"Shaded","section":"Shading Mode"},"sceneLighting":false,"audioPlay":false,"sceneViewState":{"m_AlwaysRefresh":false,"showFog":true,"showSkybox":false,"showFlares":true,"showImageEffects":true,"showParticleSystems":true,"showVisualEffectGraphs":true,"m_FxEnabled":true},"in2DMode":false,"pivot":{"x":1.3209892511367798,"y":-0.9382479190826416,"z":-16.100337982177736},"rotation":{"x":-0.0026961672119796278,"y":0.05309145152568817,"z":0.00014357734471559525,"w":0.9985904097557068},"size":2.4494895935058595,"orthographic":false}